,city,Latitude,Longitude
0,Tokyo,49.19° 12' N,-65.93° 56' E
1,Jakarta,57.65° 07' N,105.87° 24' W
2,Delhi,31.05° 01' N,-149.82° 07' W
3,Guangzhou,64.77° 25' N,114.73° 03' E
4,Mumbai,50.13° 38' S,-73.53° 14' W
5,Manila,-39.36° 52' N,55.31° 35' W
6,Shanghai,-68.66° 15' N,108.84° 00' W
7,São Paulo,-38.31° 50' N,72.36° 53' W
8,Seoul,72.10° 47' N,-64.73° 01' E
9,Mexico City,11.34° 53' N,-146.09° 23' E
10,Cairo,51.98° 40' S,-54.93° 58' W
11,New York,-26.36° 59' S,-156.99° 34' W
12,Dhaka,52.64° 33' S,-127.60° 57' E
13,Beijing,-75.31° 23' S,-70.17° 40' E
14,Kolkāta,51.08° 39' N,149.47° 48' E
15,Bangkok,81.56° 25' N,31.58° 59' W
16,Shenzhen,-68.95° 28' S,59.89° 34' W
17,Moscow,-88.56° 47' S,161.61° 51' E
18,Buenos Aires,80.41° 12' N,-17.52° 27' W
19,Lagos,2.24° 12' S,69.91° 59' E
20,Istanbul,63.66° 58' N,-22.68° 50' E
21,Karachi,36.01° 50' S,35.92° 16' E
22,Bangalore,-77.11° 39' S,-34.23° 36' E
23,Ho Chi Minh City,21.09° 39' S,103.58° 53' W
24,Ōsaka,26.92° 18' N,-167.23° 45' E
25,Chengdu,-37.02° 30' S,-105.32° 59' W
26,Tehran,-80.59° 36' N,53.33° 39' E
27,Kinshasa,-72.10° 43' N,151.35° 07' W
28,Rio de Janeiro,-25.71° 16' S,-106.96° 22' E
29,Chennai,29.64° 11' S,-131.68° 45' E
30,Xi’an,-56.69° 26' N,21.03° 46' W
31,Lahore,0.89° 26' N,-144.40° 00' W
32,Chongqing,43.39° 09' N,-16.21° 17' E
33,Los Angeles,-33.93° 09' N,-148.98° 41' W
34,Baoding,-40.74° 29' N,12.12° 05' W
35,London,-32.76° 52' S,-134.26° 56' W
36,Paris,-35.55° 48' S,-93.43° 56' W
37,Linyi,-48.64° 37' N,94.46° 57' W
38,Dongguan,46.12° 37' S,22.60° 45' W
39,Hyderābād,-84.24° 27' S,151.71° 06' W
40,Tianjin,68.12° 41' S,32.19° 24' E
41,Lima,-55.47° 32' S,-161.22° 36' E
42,Wuhan,69.65° 53' S,-9.92° 08' E
43,Nanyang,74.80° 56' S,124.58° 09' E
44,Hangzhou,-23.80° 52' N,-19.18° 58' E
45,Foshan,81.21° 13' N,-111.54° 53' W
46,Nagoya,18.31° 15' S,-3.61° 24' W
47,Taipei,-22.45° 13' S,167.90° 34' W
48,Tongshan,29.26° 00' N,-96.49° 14' W
49,Luanda,31.69° 23' N,153.97° 39' W
50,Zhoukou,50.89° 09' N,-95.21° 59' E
51,Ganzhou,-55.70° 33' N,62.06° 04' E
52,Kuala Lumpur,6.98° 19' S,140.97° 42' W
53,Heze,43.49° 33' S,-29.63° 04' E
54,Quanzhou,50.89° 08' S,11.93° 50' W
55,Chicago,-39.42° 58' N,-60.13° 46' E
56,Nanjing,80.30° 40' N,95.66° 16' W
57,Jining,61.75° 19' N,-88.73° 17' E
58,Hanoi,-78.88° 48' N,-153.26° 46' E
59,Pune,26.36° 49' S,-84.79° 58' W
60,Fuyang,-81.06° 41' N,-69.44° 12' E
61,Ahmedabad,48.79° 08' S,-135.88° 27' E
62,Johannesburg,17.87° 37' N,152.08° 56' E
63,Bogotá,-23.87° 42' N,-137.46° 35' W
64,Dar es Salaam,-79.83° 11' N,-130.72° 27' W
65,Shenyang,-15.63° 15' S,18.06° 40' E
66,Khartoum,-79.36° 41' N,171.67° 18' W
67,Shangqiu,30.89° 00' S,74.91° 36' W
68,Cangzhou,53.22° 21' N,-171.69° 38' E
69,Hong Kong,36.72° 37' N,-150.53° 25' W
70,Shaoyang,76.87° 07' N,-151.86° 08' E
71,Zhanjiang,-84.74° 21' S,-104.33° 36' E
72,Yancheng,-7.74° 16' N,60.00° 26' W
73,Hengyang,7.42° 28' S,150.43° 04' W
74,Riyadh,23.15° 28' S,111.02° 16' W
75,Zhumadian,58.71° 10' N,162.60° 46' W
76,Santiago,42.21° 16' N,179.60° 39' E
77,Xingtai,18.01° 49' S,-13.58° 04' W
78,Chattogram,30.15° 46' N,167.07° 51' E
79,Bijie,-19.28° 50' N,83.45° 25' E
80,Shangrao,13.45° 04' N,17.58° 25' W
81,Zunyi,11.33° 46' S,-2.09° 22' E
82,Sūrat,37.08° 29' S,-106.69° 15' W
83,Surabaya,-46.38° 40' N,29.90° 29' W
84,Huanggang,-80.78° 39' S,43.20° 29' W
85,Maoming,72.27° 10' S,-176.21° 43' W
86,Nanchong,71.22° 32' N,-124.85° 29' W
87,Xinyang,-70.11° 35' N,39.17° 06' E
88,Madrid,33.32° 01' N,-39.15° 54' E
89,Baghdad,-1.30° 29' S,70.31° 07' E
90,Qujing,-43.69° 23' S,-28.22° 34' W
91,Jieyang,73.11° 39' N,-90.00° 38' W
92,Singapore,-52.49° 16' S,-22.08° 38' W
93,Prayagraj,67.27° 35' N,-162.82° 17' E
94,Liaocheng,-52.39° 38' S,163.58° 01' E
95,Dalian,-46.04° 07' N,-150.97° 13' E
96,Yulin,82.82° 01' S,-61.47° 18' E
97,Changde,61.74° 12' S,-11.13° 04' E
98,Qingdao,-80.87° 38' N,-100.95° 27' E
99,Douala,47.20° 31' N,-121.38° 53' E
100,Miami,15.10° 52' S,152.67° 09' W
101,Nangandao,-56.42° 52' N,32.33° 39' W
102,Pudong,35.59° 05' N,-80.40° 56' W
103,Xiangyang,-45.24° 27' N,48.23° 48' E
104,Dallas,45.63° 34' S,-90.06° 01' E
105,Houston,79.41° 52' S,-98.81° 48' E
106,Zhengzhou,-30.36° 35' S,-29.52° 49' W
107,Lu’an,-23.67° 47' N,-90.82° 03' E
108,Dezhou,84.73° 30' S,-146.53° 26' E
109,Jinan,-54.41° 22' N,179.85° 06' E
110,Giza,-79.01° 13' N,35.80° 55' W
111,Zhaotong,-73.40° 56' N,-50.49° 01' W
112,Yichun,-22.39° 06' S,-143.33° 56' E
113,Nairobi,80.65° 53' S,-33.85° 27' E
114,Guadalajara,29.43° 32' N,-123.39° 10' E
115,Philadelphia,50.27° 06' S,25.15° 24' W
116,Ankara,-76.15° 00' N,76.14° 26' W
117,Tai’an,-78.12° 57' N,-30.10° 17' E
118,Dazhou,-42.31° 52' N,11.27° 07' E
119,Langfang,74.31° 36' S,-100.13° 23' W
120,Yongzhou,79.92° 59' S,61.76° 42' E
121,Toronto,10.41° 45' N,47.72° 09' E
122,Suihua,-30.81° 49' N,-112.10° 54' E
123,Saint Petersburg,-4.22° 39' S,-58.28° 26' W
124,Qiqihar,50.29° 03' S,-118.76° 22' W
125,Suzhou,88.40° 38' S,3.81° 52' W
126,Monterrey,73.23° 22' S,-111.38° 03' W
127,Belo Horizonte,56.12° 14' S,148.01° 51' E
128,Weinan,87.00° 33' S,92.98° 42' W
129,Rangoon,81.95° 31' N,37.09° 27' W
130,Zhangzhou,-5.45° 49' S,62.06° 45' W
131,Yuncheng,-22.12° 58' S,89.80° 22' W
132,Xianyang,-47.30° 33' N,-99.44° 38' W
133,Guilin,-20.86° 16' N,88.06° 16' W
134,Atlanta,-43.62° 43' S,-0.82° 52' W
135,Taizhou,37.43° 24' S,126.66° 38' W
136,Kāshān,86.13° 19' N,149.89° 56' W
137,Bozhou,-36.09° 41' S,-44.69° 13' E
138,Abidjan,-83.32° 53' S,-3.34° 06' W
139,Suqian,-75.43° 09' N,129.77° 30' E
140,Huaihua,83.02° 00' N,138.00° 04' E
141,Ji’an,-33.16° 52' S,-158.80° 05' E
142,Xiaoganzhan,-44.74° 47' S,161.07° 29' W
143,Pingdingshan,4.69° 17' N,134.83° 21' E
144,Jiujiang,-10.53° 35' N,7.92° 45' E
145,Alexandria,3.93° 20' S,173.96° 14' E
146,Mianyang,-1.13° 02' N,98.24° 02' E
147,Sydney,82.90° 47' S,-25.87° 22' E
148,Huanglongsi,-10.98° 55' S,-102.18° 59' E
149,Washington,-16.65° 56' N,103.09° 02' E
150,Barcelona,14.32° 04' S,139.27° 04' W
151,Changsha,-25.50° 43' S,0.18° 53' E
152,Chenzhou,83.43° 45' N,-93.89° 40' W
153,Anqing,12.64° 59' N,122.49° 59' E
154,Jiangmen,-35.49° 42' N,54.73° 41' W
155,Xinpu,-50.07° 40' S,-168.50° 57' E
156,Yibin,67.60° 13' N,-2.32° 08' E
157,Yangzhou,-13.76° 37' S,157.58° 46' W
158,Melbourne,54.15° 49' S,4.20° 33' E
159,Berlin,-11.97° 29' S,-64.97° 22' E
160,Hengshui,-82.07° 10' S,126.46° 02' E
161,Timbío,-81.30° 52' N,-12.95° 56' W
162,Kunming,27.08° 52' N,172.23° 33' W
163,Yiyang,-69.87° 36' N,-13.46° 27' W
164,Guigang,-26.48° 11' S,-87.21° 58' E
165,Changchun,75.23° 48' S,86.06° 09' E
166,Jiangguanchi,-51.76° 07' N,-116.87° 16' W
167,Casablanca,-25.71° 57' S,159.57° 19' W
168,Meizhou,-4.83° 29' N,-76.42° 57' E
169,Zhangjiakou,69.66° 58' S,0.66° 23' W
170,Chifeng,11.99° 57' S,53.54° 46' E
171,Ürümqi,-72.17° 24' S,-44.83° 04' E
172,Suzhou,28.47° 52' S,-163.73° 46' W
173,İzmir,83.40° 50' N,120.63° 04' W
174,Linfen,-71.49° 23' S,113.01° 50' E
175,Shantou,-65.19° 43' N,13.11° 03' E
176,Kabul,-67.19° 58' N,100.22° 53' W
177,Mogadishu,48.83° 08' N,-64.64° 43' W
178,Luzhou,-9.02° 42' S,9.19° 49' E
179,Hefei,60.31° 47' S,170.26° 30' E
180,Boston,-52.32° 05' S,-179.07° 12' E
181,Liuzhou,-27.56° 36' S,-138.16° 00' W
182,Zhaoqing,-59.61° 54' S,142.35° 42' W
183,Xiaoxita,21.90° 08' S,58.07° 15' E
184,Shijiazhuang,-51.52° 46' N,-112.13° 55' E
185,Ningbo,0.98° 32' S,86.96° 40' E
186,Fuzhou,-16.90° 26' S,-117.79° 42' E
187,Phoenix,-9.48° 38' N,-21.81° 51' E
188,Zhuzhou,-1.17° 24' S,-43.99° 41' W
189,Amman,-14.45° 15' N,-44.20° 12' W
190,Chuzhou,-18.84° 55' N,171.05° 55' W
191,Jeddah,-55.18° 37' N,-34.04° 21' E
192,Qingyuan,-5.36° 57' S,-62.79° 13' W
193,Loudi,26.39° 57' S,5.38° 19' E
194,Binzhou,-80.84° 01' S,-174.64° 50' E
195,Deyang,-31.69° 56' S,-120.15° 09' W
196,Taiyuan,12.34° 37' N,-153.12° 46' E
197,Kano,0.83° 13' N,120.89° 31' W
198,Wuhu,-25.94° 25' S,100.40° 32' W
199,Nanning,67.64° 02' N,13.62° 56' W
